<?xml version="1.0" encoding="UTF-8"?>
<!DOCTYPE mapper PUBLIC "-//mybatis.org//DTD Mapper 3.0//EN" "http://mybatis.org/dtd/mybatis-3-mapper.dtd">
<mapper namespace="com.example.demo.mbg.mapper.ProductMapper">
    <resultMap id="base" type="com.example.demo.mbg.model.PmsProduct">
        <id column="id" jdbcType="INTEGER" property="id"/>
        <result column="brandid" jdbcType="INTEGER" property="brandid"/>
        <result column="brandname" jdbcType="VARCHAR" property="brandname"/>
        <result column="name" jdbcType="VARCHAR" property="name"/>
        <result column="subtitle" jdbcType="VARCHAR" property="subtitle"/>
        <result column="price" jdbcType="DECIMAL" property="price"/>
        <result column="sale" jdbcType="INTEGER" property="sale"/>


    </resultMap>
<select id="getproductbyid" resultMap="base">
    select * from pms_product where
    <if test="id!=null">
        id =#{id}
    </if>
</select>



</mapper>