<?xml version="1.0" encoding="UTF-8"?>
<!DOCTYPE mapper PUBLIC "-//mybatis.org//DTD Mapper 3.0//EN" "http://mybatis.org/dtd/mybatis-3-mapper.dtd">
<mapper namespace="com.example.demo.mbg.mapper.UmsadminMapper">
  <resultMap id="BaseResultMap" type="com.example.demo.mbg.model.Umsadmin">
    <id column="id" jdbcType="BIGINT" property="id" />
    <result column="username" jdbcType="VARCHAR" property="username" />
    <result column="password" jdbcType="VARCHAR" property="password" />
    <result column="icon" jdbcType="VARCHAR" property="icon" />
    <result column="email" jdbcType="VARCHAR" property="email" />
    <result column="nickName" jdbcType="VARCHAR" property="nickname" />
    <result column="note" jdbcType="VARCHAR" property="note" />
    <result column="createTime" jdbcType="TIMESTAMP" property="createtime" />
    <result column="loginTime" jdbcType="TIMESTAMP" property="logintime" />
    <result column="status" jdbcType="VARCHAR" property="status" />
  </resultMap>
  <sql id="Example_Where_Clause">
    <where>
      <foreach collection="oredCriteria" item="criteria" separator="or">
        <if test="criteria.valid">
          <trim prefix="(" prefixOverrides="and" suffix=")">
            <foreach collection="criteria.criteria" item="criterion">
              <choose>
                <when test="criterion.noValue">
                  and ${criterion.condition}
                </when>
                <when test="criterion.singleValue">
                  and ${criterion.condition} #{criterion.value}
                </when>
                <when test="criterion.betweenValue">
                  and ${criterion.condition} #{criterion.value} and #{criterion.secondValue}
                </when>
                <when test="criterion.listValue">
                  and ${criterion.condition}
                  <foreach close=")" collection="criterion.value" item="listItem" open="(" separator=",">
                    #{listItem}
                  </foreach>
                </when>
              </choose>
            </foreach>
          </trim>
        </if>
      </foreach>
    </where>
  </sql>
  <sql id="Update_By_Example_Where_Clause">
    <where>
      <foreach collection="example.oredCriteria" item="criteria" separator="or">
        <if test="criteria.valid">
          <trim prefix="(" prefixOverrides="and" suffix=")">
            <foreach collection="criteria.criteria" item="criterion">
              <choose>
                <when test="criterion.noValue">
                  and ${criterion.condition}
                </when>
                <when test="criterion.singleValue">
                  and ${criterion.condition} #{criterion.value}
                </when>
                <when test="criterion.betweenValue">
                  and ${criterion.condition} #{criterion.value} and #{criterion.secondValue}
                </when>
                <when test="criterion.listValue">
                  and ${criterion.condition}
                  <foreach close=")" collection="criterion.value" item="listItem" open="(" separator=",">
                    #{listItem}
                  </foreach>
                </when>
              </choose>
            </foreach>
          </trim>
        </if>
      </foreach>
    </where>
  </sql>
  <sql id="Base_Column_List">
    id, username, password, icon, email, nickName, note, createTime, loginTime, status
  </sql>
  <select id="selectByExample" parameterType="com.example.demo.mbg.model.UmsadminExample" resultMap="BaseResultMap">
    select
    <if test="distinct">
      distinct
    </if>
    <include refid="Base_Column_List" />
    from umsadmin
    <if test="_parameter != null">
      <include refid="Example_Where_Clause" />
    </if>
    <if test="orderByClause != null">
      order by ${orderByClause}
    </if>
  </select>
  <select id="selectByPrimaryKey" parameterType="java.lang.Long" resultMap="BaseResultMap">
    select 
    <include refid="Base_Column_List" />
    from umsadmin
    where id = #{id,jdbcType=BIGINT}
  </select>
  <delete id="deleteByPrimaryKey" parameterType="java.lang.Long">
    delete from umsadmin
    where id = #{id,jdbcType=BIGINT}
  </delete>
  <delete id="deleteByExample" parameterType="com.example.demo.mbg.model.UmsadminExample">
    delete from umsadmin
    <if test="_parameter != null">
      <include refid="Example_Where_Clause" />
    </if>
  </delete>
  <insert id="insert" parameterType="com.example.demo.mbg.model.Umsadmin">
    <selectKey keyProperty="id" order="AFTER" resultType="java.lang.Long">
      SELECT LAST_INSERT_ID()
    </selectKey>
    insert into umsadmin (username, password, icon, 
      email, nickName, note, 
      createTime, loginTime, status
      )
    values (#{username,jdbcType=VARCHAR}, #{password,jdbcType=VARCHAR}, #{icon,jdbcType=VARCHAR}, 
      #{email,jdbcType=VARCHAR}, #{nickname,jdbcType=VARCHAR}, #{note,jdbcType=VARCHAR}, 
      #{createtime,jdbcType=TIMESTAMP}, #{logintime,jdbcType=TIMESTAMP}, #{status,jdbcType=VARCHAR}
      )
  </insert>
  <insert id="insertSelective" parameterType="com.example.demo.mbg.model.Umsadmin">
    <selectKey keyProperty="id" order="AFTER" resultType="java.lang.Long">
      SELECT LAST_INSERT_ID()
    </selectKey>
    insert into umsadmin
    <trim prefix="(" suffix=")" suffixOverrides=",">
      <if test="username != null">
        username,
      </if>
      <if test="password != null">
        password,
      </if>
      <if test="icon != null">
        icon,
      </if>
      <if test="email != null">
        email,
      </if>
      <if test="nickname != null">
        nickName,
      </if>
      <if test="note != null">
        note,
      </if>
      <if test="createtime != null">
        createTime,
      </if>
      <if test="logintime != null">
        loginTime,
      </if>
      <if test="status != null">
        status,
      </if>
    </trim>
    <trim prefix="values (" suffix=")" suffixOverrides=",">
      <if test="username != null">
        #{username,jdbcType=VARCHAR},
      </if>
      <if test="password != null">
        #{password,jdbcType=VARCHAR},
      </if>
      <if test="icon != null">
        #{icon,jdbcType=VARCHAR},
      </if>
      <if test="email != null">
        #{email,jdbcType=VARCHAR},
      </if>
      <if test="nickname != null">
        #{nickname,jdbcType=VARCHAR},
      </if>
      <if test="note != null">
        #{note,jdbcType=VARCHAR},
      </if>
      <if test="createtime != null">
        #{createtime,jdbcType=TIMESTAMP},
      </if>
      <if test="logintime != null">
        #{logintime,jdbcType=TIMESTAMP},
      </if>
      <if test="status != null">
        #{status,jdbcType=VARCHAR},
      </if>
    </trim>
  </insert>
  <select id="countByExample" parameterType="com.example.demo.mbg.model.UmsadminExample" resultType="java.lang.Long">
    select count(*) from umsadmin
    <if test="_parameter != null">
      <include refid="Example_Where_Clause" />
    </if>
  </select>
  <update id="updateByExampleSelective" parameterType="map">
    update umsadmin
    <set>
      <if test="record.id != null">
        id = #{record.id,jdbcType=BIGINT},
      </if>
      <if test="record.username != null">
        username = #{record.username,jdbcType=VARCHAR},
      </if>
      <if test="record.password != null">
        password = #{record.password,jdbcType=VARCHAR},
      </if>
      <if test="record.icon != null">
        icon = #{record.icon,jdbcType=VARCHAR},
      </if>
      <if test="record.email != null">
        email = #{record.email,jdbcType=VARCHAR},
      </if>
      <if test="record.nickname != null">
        nickName = #{record.nickname,jdbcType=VARCHAR},
      </if>
      <if test="record.note != null">
        note = #{record.note,jdbcType=VARCHAR},
      </if>
      <if test="record.createtime != null">
        createTime = #{record.createtime,jdbcType=TIMESTAMP},
      </if>
      <if test="record.logintime != null">
        loginTime = #{record.logintime,jdbcType=TIMESTAMP},
      </if>
      <if test="record.status != null">
        status = #{record.status,jdbcType=VARCHAR},
      </if>
    </set>
    <if test="_parameter != null">
      <include refid="Update_By_Example_Where_Clause" />
    </if>
  </update>
  <update id="updateByExample" parameterType="map">
    update umsadmin
    set id = #{record.id,jdbcType=BIGINT},
      username = #{record.username,jdbcType=VARCHAR},
      password = #{record.password,jdbcType=VARCHAR},
      icon = #{record.icon,jdbcType=VARCHAR},
      email = #{record.email,jdbcType=VARCHAR},
      nickName = #{record.nickname,jdbcType=VARCHAR},
      note = #{record.note,jdbcType=VARCHAR},
      createTime = #{record.createtime,jdbcType=TIMESTAMP},
      loginTime = #{record.logintime,jdbcType=TIMESTAMP},
      status = #{record.status,jdbcType=VARCHAR}
    <if test="_parameter != null">
      <include refid="Update_By_Example_Where_Clause" />
    </if>
  </update>
  <update id="updateByPrimaryKeySelective" parameterType="com.example.demo.mbg.model.Umsadmin">
    update umsadmin
    <set>
      <if test="username != null">
        username = #{username,jdbcType=VARCHAR},
      </if>
      <if test="password != null">
        password = #{password,jdbcType=VARCHAR},
      </if>
      <if test="icon != null">
        icon = #{icon,jdbcType=VARCHAR},
      </if>
      <if test="email != null">
        email = #{email,jdbcType=VARCHAR},
      </if>
      <if test="nickname != null">
        nickName = #{nickname,jdbcType=VARCHAR},
      </if>
      <if test="note != null">
        note = #{note,jdbcType=VARCHAR},
      </if>
      <if test="createtime != null">
        createTime = #{createtime,jdbcType=TIMESTAMP},
      </if>
      <if test="logintime != null">
        loginTime = #{logintime,jdbcType=TIMESTAMP},
      </if>
      <if test="status != null">
        status = #{status,jdbcType=VARCHAR},
      </if>
    </set>
    where id = #{id,jdbcType=BIGINT}
  </update>
  <update id="updateByPrimaryKey" parameterType="com.example.demo.mbg.model.Umsadmin">
    update umsadmin
    set username = #{username,jdbcType=VARCHAR},
      password = #{password,jdbcType=VARCHAR},
      icon = #{icon,jdbcType=VARCHAR},
      email = #{email,jdbcType=VARCHAR},
      nickName = #{nickname,jdbcType=VARCHAR},
      note = #{note,jdbcType=VARCHAR},
      createTime = #{createtime,jdbcType=TIMESTAMP},
      loginTime = #{logintime,jdbcType=TIMESTAMP},
      status = #{status,jdbcType=VARCHAR}
    where id = #{id,jdbcType=BIGINT}
  </update>
</mapper>