<?xml version="1.0" encoding="UTF-8"?>
<!DOCTYPE mapper PUBLIC "-//mybatis.org//DTD Mapper 3.0//EN" "http://mybatis.org/dtd/mybatis-3-mapper.dtd">
<mapper namespace="com.example.demo.mbg.mapper.UmsadminpermissionrelationMapper">
  <resultMap id="BaseResultMap" type="com.example.demo.mbg.model.Umsadminpermissionrelation">
    <id column="id" jdbcType="BIGINT" property="id" />
    <result column="adminId" jdbcType="BIGINT" property="adminid" />
    <result column="permissionId" jdbcType="BIGINT" property="permissionid" />
    <result column="type" jdbcType="INTEGER" property="type" />
  </resultMap>
  <sql id="Example_Where_Clause">
    <where>
      <foreach collection="oredCriteria" item="criteria" separator="or">
        <if test="criteria.valid">
          <trim prefix="(" prefixOverrides="and" suffix=")">
            <foreach collection="criteria.criteria" item="criterion">
              <choose>
                <when test="criterion.noValue">
                  and ${criterion.condition}
                </when>
                <when test="criterion.singleValue">
                  and ${criterion.condition} #{criterion.value}
                </when>
                <when test="criterion.betweenValue">
                  and ${criterion.condition} #{criterion.value} and #{criterion.secondValue}
                </when>
                <when test="criterion.listValue">
                  and ${criterion.condition}
                  <foreach close=")" collection="criterion.value" item="listItem" open="(" separator=",">
                    #{listItem}
                  </foreach>
                </when>
              </choose>
            </foreach>
          </trim>
        </if>
      </foreach>
    </where>
  </sql>
  <sql id="Update_By_Example_Where_Clause">
    <where>
      <foreach collection="example.oredCriteria" item="criteria" separator="or">
        <if test="criteria.valid">
          <trim prefix="(" prefixOverrides="and" suffix=")">
            <foreach collection="criteria.criteria" item="criterion">
              <choose>
                <when test="criterion.noValue">
                  and ${criterion.condition}
                </when>
                <when test="criterion.singleValue">
                  and ${criterion.condition} #{criterion.value}
                </when>
                <when test="criterion.betweenValue">
                  and ${criterion.condition} #{criterion.value} and #{criterion.secondValue}
                </when>
                <when test="criterion.listValue">
                  and ${criterion.condition}
                  <foreach close=")" collection="criterion.value" item="listItem" open="(" separator=",">
                    #{listItem}
                  </foreach>
                </when>
              </choose>
            </foreach>
          </trim>
        </if>
      </foreach>
    </where>
  </sql>
  <sql id="Base_Column_List">
    id, adminId, permissionId, type
  </sql>
  <select id="selectByExample" parameterType="com.example.demo.mbg.model.UmsadminpermissionrelationExample" resultMap="BaseResultMap">
    select
    <if test="distinct">
      distinct
    </if>
    <include refid="Base_Column_List" />
    from umsadminpermissionrelation
    <if test="_parameter != null">
      <include refid="Example_Where_Clause" />
    </if>
    <if test="orderByClause != null">
      order by ${orderByClause}
    </if>
  </select>
  <select id="selectByPrimaryKey" parameterType="java.lang.Long" resultMap="BaseResultMap">
    select 
    <include refid="Base_Column_List" />
    from umsadminpermissionrelation
    where id = #{id,jdbcType=BIGINT}
  </select>
  <delete id="deleteByPrimaryKey" parameterType="java.lang.Long">
    delete from umsadminpermissionrelation
    where id = #{id,jdbcType=BIGINT}
  </delete>
  <delete id="deleteByExample" parameterType="com.example.demo.mbg.model.UmsadminpermissionrelationExample">
    delete from umsadminpermissionrelation
    <if test="_parameter != null">
      <include refid="Example_Where_Clause" />
    </if>
  </delete>
  <insert id="insert" parameterType="com.example.demo.mbg.model.Umsadminpermissionrelation">
    <selectKey keyProperty="id" order="AFTER" resultType="java.lang.Long">
      SELECT LAST_INSERT_ID()
    </selectKey>
    insert into umsadminpermissionrelation (adminId, permissionId, type
      )
    values (#{adminid,jdbcType=BIGINT}, #{permissionid,jdbcType=BIGINT}, #{type,jdbcType=INTEGER}
      )
  </insert>
  <insert id="insertSelective" parameterType="com.example.demo.mbg.model.Umsadminpermissionrelation">
    <selectKey keyProperty="id" order="AFTER" resultType="java.lang.Long">
      SELECT LAST_INSERT_ID()
    </selectKey>
    insert into umsadminpermissionrelation
    <trim prefix="(" suffix=")" suffixOverrides=",">
      <if test="adminid != null">
        adminId,
      </if>
      <if test="permissionid != null">
        permissionId,
      </if>
      <if test="type != null">
        type,
      </if>
    </trim>
    <trim prefix="values (" suffix=")" suffixOverrides=",">
      <if test="adminid != null">
        #{adminid,jdbcType=BIGINT},
      </if>
      <if test="permissionid != null">
        #{permissionid,jdbcType=BIGINT},
      </if>
      <if test="type != null">
        #{type,jdbcType=INTEGER},
      </if>
    </trim>
  </insert>
  <select id="countByExample" parameterType="com.example.demo.mbg.model.UmsadminpermissionrelationExample" resultType="java.lang.Long">
    select count(*) from umsadminpermissionrelation
    <if test="_parameter != null">
      <include refid="Example_Where_Clause" />
    </if>
  </select>
  <update id="updateByExampleSelective" parameterType="map">
    update umsadminpermissionrelation
    <set>
      <if test="record.id != null">
        id = #{record.id,jdbcType=BIGINT},
      </if>
      <if test="record.adminid != null">
        adminId = #{record.adminid,jdbcType=BIGINT},
      </if>
      <if test="record.permissionid != null">
        permissionId = #{record.permissionid,jdbcType=BIGINT},
      </if>
      <if test="record.type != null">
        type = #{record.type,jdbcType=INTEGER},
      </if>
    </set>
    <if test="_parameter != null">
      <include refid="Update_By_Example_Where_Clause" />
    </if>
  </update>
  <update id="updateByExample" parameterType="map">
    update umsadminpermissionrelation
    set id = #{record.id,jdbcType=BIGINT},
      adminId = #{record.adminid,jdbcType=BIGINT},
      permissionId = #{record.permissionid,jdbcType=BIGINT},
      type = #{record.type,jdbcType=INTEGER}
    <if test="_parameter != null">
      <include refid="Update_By_Example_Where_Clause" />
    </if>
  </update>
  <update id="updateByPrimaryKeySelective" parameterType="com.example.demo.mbg.model.Umsadminpermissionrelation">
    update umsadminpermissionrelation
    <set>
      <if test="adminid != null">
        adminId = #{adminid,jdbcType=BIGINT},
      </if>
      <if test="permissionid != null">
        permissionId = #{permissionid,jdbcType=BIGINT},
      </if>
      <if test="type != null">
        type = #{type,jdbcType=INTEGER},
      </if>
    </set>
    where id = #{id,jdbcType=BIGINT}
  </update>
  <update id="updateByPrimaryKey" parameterType="com.example.demo.mbg.model.Umsadminpermissionrelation">
    update umsadminpermissionrelation
    set adminId = #{adminid,jdbcType=BIGINT},
      permissionId = #{permissionid,jdbcType=BIGINT},
      type = #{type,jdbcType=INTEGER}
    where id = #{id,jdbcType=BIGINT}
  </update>
</mapper>