<?xml version="1.0" encoding="UTF-8"?>
<!DOCTYPE mapper PUBLIC "-//mybatis.org//DTD Mapper 3.0//EN" "http://mybatis.org/dtd/mybatis-3-mapper.dtd">
<mapper namespace="com.example.demo.mbg.mapper.UmsrolepermissionrelationMapper">
  <resultMap id="BaseResultMap" type="com.example.demo.mbg.model.Umsrolepermissionrelation">
    <id column="id" jdbcType="BIGINT" property="id" />
    <result column="roleId" jdbcType="BIGINT" property="roleid" />
    <result column="permissionId" jdbcType="BIGINT" property="permissionid" />
  </resultMap>
  <sql id="Example_Where_Clause">
    <where>
      <foreach collection="oredCriteria" item="criteria" separator="or">
        <if test="criteria.valid">
          <trim prefix="(" prefixOverrides="and" suffix=")">
            <foreach collection="criteria.criteria" item="criterion">
              <choose>
                <when test="criterion.noValue">
                  and ${criterion.condition}
                </when>
                <when test="criterion.singleValue">
                  and ${criterion.condition} #{criterion.value}
                </when>
                <when test="criterion.betweenValue">
                  and ${criterion.condition} #{criterion.value} and #{criterion.secondValue}
                </when>
                <when test="criterion.listValue">
                  and ${criterion.condition}
                  <foreach close=")" collection="criterion.value" item="listItem" open="(" separator=",">
                    #{listItem}
                  </foreach>
                </when>
              </choose>
            </foreach>
          </trim>
        </if>
      </foreach>
    </where>
  </sql>
  <sql id="Update_By_Example_Where_Clause">
    <where>
      <foreach collection="example.oredCriteria" item="criteria" separator="or">
        <if test="criteria.valid">
          <trim prefix="(" prefixOverrides="and" suffix=")">
            <foreach collection="criteria.criteria" item="criterion">
              <choose>
                <when test="criterion.noValue">
                  and ${criterion.condition}
                </when>
                <when test="criterion.singleValue">
                  and ${criterion.condition} #{criterion.value}
                </when>
                <when test="criterion.betweenValue">
                  and ${criterion.condition} #{criterion.value} and #{criterion.secondValue}
                </when>
                <when test="criterion.listValue">
                  and ${criterion.condition}
                  <foreach close=")" collection="criterion.value" item="listItem" open="(" separator=",">
                    #{listItem}
                  </foreach>
                </when>
              </choose>
            </foreach>
          </trim>
        </if>
      </foreach>
    </where>
  </sql>
  <sql id="Base_Column_List">
    id, roleId, permissionId
  </sql>
  <select id="selectByExample" parameterType="com.example.demo.mbg.model.UmsrolepermissionrelationExample" resultMap="BaseResultMap">
    select
    <if test="distinct">
      distinct
    </if>
    <include refid="Base_Column_List" />
    from umsrolepermissionrelation
    <if test="_parameter != null">
      <include refid="Example_Where_Clause" />
    </if>
    <if test="orderByClause != null">
      order by ${orderByClause}
    </if>
  </select>
  <select id="selectByPrimaryKey" parameterType="java.lang.Long" resultMap="BaseResultMap">
    select 
    <include refid="Base_Column_List" />
    from umsrolepermissionrelation
    where id = #{id,jdbcType=BIGINT}
  </select>
  <delete id="deleteByPrimaryKey" parameterType="java.lang.Long">
    delete from umsrolepermissionrelation
    where id = #{id,jdbcType=BIGINT}
  </delete>
  <delete id="deleteByExample" parameterType="com.example.demo.mbg.model.UmsrolepermissionrelationExample">
    delete from umsrolepermissionrelation
    <if test="_parameter != null">
      <include refid="Example_Where_Clause" />
    </if>
  </delete>
  <insert id="insert" parameterType="com.example.demo.mbg.model.Umsrolepermissionrelation">
    <selectKey keyProperty="id" order="AFTER" resultType="java.lang.Long">
      SELECT LAST_INSERT_ID()
    </selectKey>
    insert into umsrolepermissionrelation (roleId, permissionId)
    values (#{roleid,jdbcType=BIGINT}, #{permissionid,jdbcType=BIGINT})
  </insert>
  <insert id="insertSelective" parameterType="com.example.demo.mbg.model.Umsrolepermissionrelation">
    <selectKey keyProperty="id" order="AFTER" resultType="java.lang.Long">
      SELECT LAST_INSERT_ID()
    </selectKey>
    insert into umsrolepermissionrelation
    <trim prefix="(" suffix=")" suffixOverrides=",">
      <if test="roleid != null">
        roleId,
      </if>
      <if test="permissionid != null">
        permissionId,
      </if>
    </trim>
    <trim prefix="values (" suffix=")" suffixOverrides=",">
      <if test="roleid != null">
        #{roleid,jdbcType=BIGINT},
      </if>
      <if test="permissionid != null">
        #{permissionid,jdbcType=BIGINT},
      </if>
    </trim>
  </insert>
  <select id="countByExample" parameterType="com.example.demo.mbg.model.UmsrolepermissionrelationExample" resultType="java.lang.Long">
    select count(*) from umsrolepermissionrelation
    <if test="_parameter != null">
      <include refid="Example_Where_Clause" />
    </if>
  </select>
  <update id="updateByExampleSelective" parameterType="map">
    update umsrolepermissionrelation
    <set>
      <if test="record.id != null">
        id = #{record.id,jdbcType=BIGINT},
      </if>
      <if test="record.roleid != null">
        roleId = #{record.roleid,jdbcType=BIGINT},
      </if>
      <if test="record.permissionid != null">
        permissionId = #{record.permissionid,jdbcType=BIGINT},
      </if>
    </set>
    <if test="_parameter != null">
      <include refid="Update_By_Example_Where_Clause" />
    </if>
  </update>
  <update id="updateByExample" parameterType="map">
    update umsrolepermissionrelation
    set id = #{record.id,jdbcType=BIGINT},
      roleId = #{record.roleid,jdbcType=BIGINT},
      permissionId = #{record.permissionid,jdbcType=BIGINT}
    <if test="_parameter != null">
      <include refid="Update_By_Example_Where_Clause" />
    </if>
  </update>
  <update id="updateByPrimaryKeySelective" parameterType="com.example.demo.mbg.model.Umsrolepermissionrelation">
    update umsrolepermissionrelation
    <set>
      <if test="roleid != null">
        roleId = #{roleid,jdbcType=BIGINT},
      </if>
      <if test="permissionid != null">
        permissionId = #{permissionid,jdbcType=BIGINT},
      </if>
    </set>
    where id = #{id,jdbcType=BIGINT}
  </update>
  <update id="updateByPrimaryKey" parameterType="com.example.demo.mbg.model.Umsrolepermissionrelation">
    update umsrolepermissionrelation
    set roleId = #{roleid,jdbcType=BIGINT},
      permissionId = #{permissionid,jdbcType=BIGINT}
    where id = #{id,jdbcType=BIGINT}
  </update>
</mapper>